<?xml version="1.0" encoding="UTF-8"?>
<includes>
	<include name="IconHomeMenu">
		<control type="image"><!-- Background image for main icon area -->
			<include>fullscreenimage</include>
			<texture>background-iconhome.png</texture>
		</control>
		<control type="group">
			<visible>[Container(9000).Row(0) | Container(9000).Row(1)] + !Container(9000).HasPrevious()</visible>
			<animation effect="fade" start="0" end="100" time="300">Visible</animation>
			<!-- Background shelf image -->
			<include file="Includes_Shelf.xml">ShelfBackground</include>
			<!-- Show time on home screen -->
			<include condition="!Skin.HasSetting(home-time)" file="Includes_Shelf.xml">ShelfTime</include>
			<!-- Show Profile name and icon on home screen -->
			<include>ShelfProfileDetails</include>
			<!-- Now Playing -->
			<include condition="Skin.HasSetting(media-overlay)" file="Includes_Shelf.xml">ShelfNowPlaying</include>
			<control type="group" id="9800"><!-- Shelf icons -->
				<control type="group" id="9155"><!-- Movie icons -->
					<visible>String.IsEqual(Container(9000).ListItem.Label2,$LOCALIZE[31026])</visible>
					<control type="group">
						<visible>String.IsEqual(Skin.String(widget-movie),$LOCALIZE[31953]) | !Integer.IsGreater(Container(9160).NumItems,0)</visible>
						<include content="shelf-defaulticon">
							<param name="defaulticon" value="DefaultVideo.png"/>
						</include>
					</control>
					<control type="group">
						<visible>!String.IsEqual(Skin.String(widget-movie),$LOCALIZE[31953])</visible>
						<include file="Includes_Shelf.xml">movie-shelficons</include>
					</control>
				</control>
				<control type="group" id="9205"><!-- TV Shows icons -->
					<visible>String.IsEqual(Container(9000).ListItem.Label2,$LOCALIZE[20343])</visible>
					<control type="group">
						<visible>String.IsEqual(Skin.String(widget-tvshow),$LOCALIZE[31953]) | !Integer.IsGreater(Container(9210).NumItems,0)</visible>
						<include content="shelf-defaulticon">
							<param name="defaulticon" value="DefaultTvshows.png"/>
						</include>
					</control>
					<control type="group">
						<visible>![String.IsEqual(Skin.String(widget-tvshow),$LOCALIZE[31953])]</visible>
						<include file="Includes_Shelf.xml">tvshow-shelficons</include>
					</control>
				</control>
				<control type="group" id="9255"><!-- Music icons -->
					<visible>String.IsEqual(Container(9000).ListItem.Label2,$LOCALIZE[2])</visible>
					<control type="group">
						<visible>String.IsEqual(Skin.String(widget-music),$LOCALIZE[31953]) | !Integer.IsGreater(Container(9260).NumItems,0)</visible>
						<include content="shelf-defaulticon">
							<param name="defaulticon" value="DefaultAudio.png"/>
						</include>
					</control>
					<control type="group">
						<visible>!String.IsEqual(Skin.String(widget-music),$LOCALIZE[31953])</visible>
						<include file="Includes_Shelf.xml">music-shelficons</include>
					</control>
				</control>
				<control type="group" id="9802"><!-- Weather icons -->
					<visible>String.IsEqual(Container(9000).ListItem.Label2,$LOCALIZE[8])</visible>
					<control type="group">
						<visible>!Weather.IsFetched</visible>
						<include content="shelf-defaulticon">
							<param name="defaulticon" value="icon-weather.png"/>
						</include>
					</control>
					<control type="group">
						<visible>Weather.IsFetched</visible>
						<include condition="!String.IsEmpty(Weather.plugin) + [Skin.HasSetting(home-weather) | Skin.HasSetting(home-currentweather)]" 
							file="Includes_Shelf.xml">ShelfWeather</include>
					</control>
				</control>
				<control type="group" id="9803"><!-- Default Shelf image -->
					<visible>String.IsEqual(Container(9000).ListItem.Label2,$LOCALIZE[571])</visible>
					<control type="group">
						<control type="image">
							<left>696</left>
							<top>116</top>
							<width>528</width>
							<height>264</height>
							<aspectratio>keep</aspectratio>
							<texture background="true">skin-logo-big.png</texture>
						</control>
					</control>
				</control>
			</control>
		</control>
		<control type="panel" id="9000"><!-- Home menu icon panel -->
			<top>520</top>
			<left>15</left>
			<width>1890</width>
			<height>1014</height>
			<onleft>6100</onleft>
			<onright>9005</onright>
			<onup condition="![Control.IsVisible(9802) | Control.IsVisible(9803)]">9800</onup>
			<onup condition="Control.IsVisible(9802) | Control.IsVisible(9803)">9005</onup>
			<ondown>9005</ondown>
			<scrolltime tween="quadratic" easing="out">300</scrolltime>
			<animation condition="![Container(9000).Row(0) | Container(9000).Row(1)] | Container(9000).HasPrevious()" effect="slide"  tween="quadratic" easing="out" start="0,0" end="0,-480" time="300">Conditonal</animation>
			<itemlayout height="262" width="378">
				<control type="image">
					<left>36</left>
					<top>12</top>
					<width>306</width>
					<height>185</height>
					<aspectratio>keep</aspectratio>
					<texture diffuse="homeiconmask.png">$INFO[ListItem.Art(thumb)]</texture>
				</control>
				<include content="listitem-count">
					<param name="left" value="255" />
					<param name="top" value="136" />
					<param name="count" value="ListItem.Property(count)" />
					<param name="size" value="75" />
				</include>
			</itemlayout>
			<focusedlayout height="262" width="378">
				<control type="image">
					<left>11</left>
					<top>0</top>
					<width>356</width>
					<height>213</height>
					<aspectratio>keep</aspectratio>
					<texture diffuse="homeiconmask.png">$INFO[ListItem.Art(thumb)]</texture>
					<bordertexture border="6">homeiconhilite.png</bordertexture>
					<bordersize>6</bordersize>
				</control>
				<include content="listitem-count">
					<param name="left" value="267" />
					<param name="top" value="147" />
					<param name="count" value="ListItem.Property(count)" />
					<param name="size" value="85" />
				</include>
				<control type="label">
					<left>0</left>
					<top>206</top>
					<width>378</width>
					<height>34</height>
					<align>center</align>
					<label>$INFO[ListItem.Label]</label>
					<font>apptv22</font>
				</control>
			</focusedlayout>
			<content>
				<item><!-- Videos -->
					<visible>!Skin.HasSetting(home-video)</visible>
					<thumb>$VAR[HomeVideoIcon]</thumb>
					<label>$LOCALIZE[3]</label>
					<label2>$LOCALIZE[571]</label2>
					<onclick>ActivateWindow(videos,Root,return)</onclick>
				</item>
				<item><!-- Movies -->
					<visible>!Skin.HasSetting(home-movie)</visible>
					<thumb>$VAR[HomeMovieIcon]</thumb>
					<label>$LOCALIZE[31026]</label>
					<label2>$LOCALIZE[31026]</label2>
					<property name="count">$INFO[Window(home).Property(Movies.UnWatched)]</property>
					<onclick>$VAR[MovieLibEntry]</onclick>
				</item>
				<item><!-- TV Shows -->
					<visible>!Skin.HasSetting(home-tvshows)</visible>
					<thumb>$VAR[HomeTVShowsIcon]</thumb>
					<label>$LOCALIZE[20343]</label>
					<label2>$LOCALIZE[20343]</label2>
					<property name="count">$INFO[Window(home).Property(TVShows.UnWatched)]</property>
					<onclick>$VAR[TVLibEntry]</onclick>
				</item>
				<item><!-- Music -->
					<visible>!Skin.HasSetting(home-music)</visible>
					<thumb>$VAR[HomeMusicIcon]</thumb>
					<label>$LOCALIZE[2]</label>
					<label2>$LOCALIZE[2]</label2>
					<onclick>$VAR[MusicLibEntry]</onclick>
				</item>
				<item><!-- Weather -->
					<visible>!String.IsEmpty(Weather.plugin) + [Skin.HasSetting(home-weather) | Skin.HasSetting(home-currentweather)]</visible>
					<thumb>$VAR[HomeWeatherIcon]</thumb>
					<label>$LOCALIZE[8]</label>
					<label2>$LOCALIZE[8]</label2>
					<onclick>ActivateWindow(weather)</onclick>
				</item>
				<item><!-- System menu -->
					<thumb>special://skin/extras/homeicons/setting.png</thumb>
					<label>$LOCALIZE[5]</label>
					<label2>$LOCALIZE[571]</label2>
					<onclick>ActivateWindow(settings)</onclick>
				</item>
				<item><!-- Music Videos -->
					<visible>Skin.HasSetting(home-musicvideo)</visible>
					<thumb>$VAR[HomeMusicVideoIcon]</thumb>
					<label>$LOCALIZE[31028]</label>
					<label2>$LOCALIZE[571]</label2>
					<property name="count">$INFO[Window(home).Property(MusicVideos.UnWatched)]</property>
					<onclick>$VAR[MusicVideoLibEntry]</onclick>
				</item>
				<item><!-- Live TV -->
					<visible>Pvr.HasTVChannels</visible>
					<thumb>$VAR[HomeTVIcon]</thumb>
					<label>$LOCALIZE[19020]</label>
					<label2>$LOCALIZE[571]</label2>
					<onclick>SetProperty(NodeType,tv,home)</onclick>
					<onclick>$VAR[TVEntry]</onclick>
				</item>
				<item><!-- Live Radio -->
					<visible>Pvr.HasRadioChannels</visible>
					<thumb>$VAR[HomeRadioIcon]</thumb>
					<label>$LOCALIZE[19021]</label>
					<label2>$LOCALIZE[571]</label2>
					<onclick>SetProperty(NodeType,radio,home)</onclick>
					<onclick>$VAR[RadioEntry]</onclick>
				</item>
				<item><!-- Addons menu -->
					<visible>!Skin.HasSetting(home-programs)</visible>
					<thumb>$VAR[HomeProgramsIcon]</thumb>
					<label>$LOCALIZE[24001]</label>
					<label2>$LOCALIZE[571]</label2>
					<property name="count">$INFO[System.AddonUpdateCount]</property>
					<onclick>SetProperty(NodeType,addon,home)</onclick>
					<onclick>ActivateWindow(1155)</onclick>
				</item>
				<item><!-- Games menu -->
					<visible>Skin.HasSetting(home-games)</visible>
					<thumb>$VAR[HomeGamesIcon]</thumb>
					<label>$LOCALIZE[15016]</label>
					<label2>$LOCALIZE[571]</label2>
					<onclick>ActivateWindow(games,,return)</onclick>
				</item>
				<item><!-- Pictures -->
					<visible>Skin.HasSetting(home-photos)</visible>
					<thumb>$VAR[HomePhotosIcon]</thumb>
					<label>$LOCALIZE[1]</label>
					<label2>$LOCALIZE[571]</label2>
					<onclick>ActivateWindow(pictures,,return)</onclick>
				</item>
				<item><!-- Favourites -->
					<visible>Skin.HasSetting(home-favorites)</visible>
					<thumb>$VAR[HomeFavoritesIcon]</thumb>
					<label>$LOCALIZE[31652]</label>
					<label2>$LOCALIZE[571]</label2>
					<onclick>ActivateWindow(favourites)</onclick>
				</item>
				<item>
					<thumb>$INFO[Skin.String(CustomMovies.1.Icon)]</thumb>
					<label>$INFO[Skin.String(CustomMovies.1.Label)]</label>
					<label2>$LOCALIZE[571]</label2>
					<onclick>$INFO[Skin.String(CustomMovies.1.Path)]</onclick>
					<visible>!String.IsEmpty(Skin.String(CustomMovies.1.Path))</visible>
				</item>
				<item>
					<thumb>$INFO[Skin.String(CustomMovies.2.Icon)]</thumb>
					<label>$INFO[Skin.String(CustomMovies.2.Label)]</label>
					<label2>$LOCALIZE[571]</label2>
					<onclick>$INFO[Skin.String(CustomMovies.2.Path)]</onclick>
					<visible>!String.IsEmpty(Skin.String(CustomMovies.2.Path))</visible>
				</item>
				<item>
					<thumb>$INFO[Skin.String(CustomMovies.3.Icon)]</thumb>
					<label>$INFO[Skin.String(CustomMovies.3.Label)]</label>
					<label2>$LOCALIZE[571]</label2>
					<onclick>$INFO[Skin.String(CustomMovies.3.Path)]</onclick>
					<visible>!String.IsEmpty(Skin.String(CustomMovies.3.Path))</visible>
				</item>
				<item>
					<thumb>$INFO[Skin.String(CustomMovies.4.Icon)]</thumb>
					<label>$INFO[Skin.String(CustomMovies.4.Label)]</label>
					<label2>$LOCALIZE[571]</label2>
					<onclick>$INFO[Skin.String(CustomMovies.4.Path)]</onclick>
					<visible>!String.IsEmpty(Skin.String(CustomMovies.4.Path))</visible>
				</item>
				<item>
					<thumb>$INFO[Skin.String(CustomMovies.5.Icon)]</thumb>
					<label>$INFO[Skin.String(CustomMovies.5.Label)]</label>
					<label2>$LOCALIZE[571]</label2>
					<onclick>$INFO[Skin.String(CustomMovies.5.Path)]</onclick>
					<visible>!String.IsEmpty(Skin.String(CustomMovies.5.Path))</visible>
				</item>
				<item>
					<thumb>$INFO[Skin.String(CustomTVShow.1.Icon)]</thumb>
					<label>$INFO[Skin.String(CustomTVShow.1.Label)]</label>
					<label2>$LOCALIZE[571]</label2>
					<onclick>$INFO[Skin.String(CustomTVShow.1.Path)]</onclick>
					<visible>!String.IsEmpty(Skin.String(CustomTVShow.1.Path))</visible>
				</item>
				<item>
					<thumb>$INFO[Skin.String(CustomTVShow.2.Icon)]</thumb>
					<label>$INFO[Skin.String(CustomTVShow.2.Label)]</label>
					<label2>$LOCALIZE[571]</label2>
					<onclick>$INFO[Skin.String(CustomTVShow.2.Path)]</onclick>
					<visible>!String.IsEmpty(Skin.String(CustomTVShow.2.Path))</visible>
				</item>
				<item>
					<thumb>$INFO[Skin.String(CustomTVShow.3.Icon)]</thumb>
					<label>$INFO[Skin.String(CustomTVShow.3.Label)]</label>
					<label2>$LOCALIZE[571]</label2>
					<onclick>$INFO[Skin.String(CustomTVShow.3.Path)]</onclick>
					<visible>!String.IsEmpty(Skin.String(CustomTVShow.3.Path))</visible>
				</item>
				<item>
					<thumb>$INFO[Skin.String(CustomTVShow.4.Icon)]</thumb>
					<label>$INFO[Skin.String(CustomTVShow.4.Label)]</label>
					<label2>$LOCALIZE[571]</label2>
					<onclick>$INFO[Skin.String(CustomTVShow.4.Path)]</onclick>
					<visible>!String.IsEmpty(Skin.String(CustomTVShow.4.Path))</visible>
				</item>
				<item>
					<thumb>$INFO[Skin.String(CustomTVShow.5.Icon)]</thumb>
					<label>$INFO[Skin.String(CustomTVShow.5.Label)]</label>
					<label2>$LOCALIZE[571]</label2>
					<onclick>$INFO[Skin.String(CustomTVShow.5.Path)]</onclick>
					<visible>!String.IsEmpty(Skin.String(CustomTVShow.5.Path))</visible>
				</item>
				<item>
					<thumb>$INFO[Skin.String(CustomTV.1.Icon)]</thumb>
					<label>$INFO[Skin.String(CustomTV.1.Label)]</label>
					<label2>$LOCALIZE[571]</label2>
					<onclick>$INFO[Skin.String(CustomTV.1.Path)]</onclick>
					<visible>!String.IsEmpty(Skin.String(CustomTV.1.Path))</visible>
				</item>
				<item>
					<thumb>$INFO[Skin.String(CustomTV.2.Icon)]</thumb>
					<label>$INFO[Skin.String(CustomTV.2.Label)]</label>
					<label2>$LOCALIZE[571]</label2>
					<onclick>$INFO[Skin.String(CustomTV.2.Path)]</onclick>
					<visible>!String.IsEmpty(Skin.String(CustomTV.2.Path))</visible>
				</item>
				<item>
					<thumb>$INFO[Skin.String(CustomTV.3.Icon)]</thumb>
					<label>$INFO[Skin.String(CustomTV.3.Label)]</label>
					<label2>$LOCALIZE[571]</label2>
					<onclick>$INFO[Skin.String(CustomTV.3.Path)]</onclick>
					<visible>!String.IsEmpty(Skin.String(CustomTV.3.Path))</visible>
				</item>
				<item>
					<thumb>$INFO[Skin.String(CustomTV.4.Icon)]</thumb>
					<label>$INFO[Skin.String(CustomTV.4.Label)]</label>
					<label2>$LOCALIZE[571]</label2>
					<onclick>$INFO[Skin.String(CustomTV.4.Path)]</onclick>
					<visible>!String.IsEmpty(Skin.String(CustomTV.4.Path))</visible>
				</item>
				<item>
					<thumb>$INFO[Skin.String(CustomTV.5.Icon)]</thumb>
					<label>$INFO[Skin.String(CustomTV.5.Label)]</label>
					<label2>$LOCALIZE[571]</label2>
					<onclick>$INFO[Skin.String(CustomTV.5.Path)]</onclick>
					<visible>!String.IsEmpty(Skin.String(CustomTV.5.Path))</visible>
				</item>
				<item>
					<thumb>$INFO[Skin.String(CustomRadio.1.Icon)]</thumb>
					<label>$INFO[Skin.String(CustomRadio.1.Label)]</label>
					<label2>$LOCALIZE[571]</label2>
					<onclick>$INFO[Skin.String(CustomRadio.1.Path)]</onclick>
					<visible>!String.IsEmpty(Skin.String(CustomRadio.1.Path))</visible>
				</item>
				<item>
					<thumb>$INFO[Skin.String(CustomRadio.2.Icon)]</thumb>
					<label>$INFO[Skin.String(CustomRadio.2.Label)]</label>
					<label2>$LOCALIZE[571]</label2>
					<onclick>$INFO[Skin.String(CustomRadio.2.Path)]</onclick>
					<visible>!String.IsEmpty(Skin.String(CustomRadio.2.Path))</visible>
				</item>
				<item>
					<thumb>$INFO[Skin.String(CustomRadio.3.Icon)]</thumb>
					<label>$INFO[Skin.String(CustomRadio.3.Label)]</label>
					<label2>$LOCALIZE[571]</label2>
					<onclick>$INFO[Skin.String(CustomRadio.3.Path)]</onclick>
					<visible>!String.IsEmpty(Skin.String(CustomRadio.3.Path))</visible>
				</item>
				<item>
					<thumb>$INFO[Skin.String(CustomRadio.4.Icon)]</thumb>
					<label>$INFO[Skin.String(CustomRadio.4.Label)]</label>
					<label2>$LOCALIZE[571]</label2>
					<onclick>$INFO[Skin.String(CustomRadio.4.Path)]</onclick>
					<visible>!String.IsEmpty(Skin.String(CustomRadio.4.Path))</visible>
				</item>
				<item>
					<thumb>$INFO[Skin.String(CustomRadio.5.Icon)]</thumb>
					<label>$INFO[Skin.String(CustomRadio.5.Label)]</label>
					<label2>$LOCALIZE[571]</label2>
					<onclick>$INFO[Skin.String(CustomRadio.5.Path)]</onclick>
					<visible>!String.IsEmpty(Skin.String(CustomRadio.5.Path))</visible>
				</item>
				<item>
					<thumb>$INFO[Skin.String(CustomFav.1.Icon)]</thumb>
					<label>$INFO[Skin.String(CustomFav.1.Label)]</label>
					<label2>$LOCALIZE[571]</label2>
					<onclick>$INFO[Skin.String(CustomFav.1.Path)]</onclick>
					<visible>!String.IsEmpty(Skin.String(CustomFav.1.Path))</visible>
				</item>
				<item>
					<thumb>$INFO[Skin.String(CustomFav.2.Icon)]</thumb>
					<label>$INFO[Skin.String(CustomFav.2.Label)]</label>
					<label2>$LOCALIZE[571]</label2>
					<onclick>$INFO[Skin.String(CustomFav.2.Path)]</onclick>
					<visible>!String.IsEmpty(Skin.String(CustomFav.2.Path))</visible>
				</item>
				<item>
					<thumb>$INFO[Skin.String(CustomFav.3.Icon)]</thumb>
					<label>$INFO[Skin.String(CustomFav.3.Label)]</label>
					<label2>$LOCALIZE[571]</label2>
					<onclick>$INFO[Skin.String(CustomFav.3.Path)]</onclick>
					<visible>!String.IsEmpty(Skin.String(CustomFav.3.Path))</visible>
				</item>
				<item>
					<thumb>$INFO[Skin.String(CustomFav.4.Icon)]</thumb>
					<label>$INFO[Skin.String(CustomFav.4.Label)]</label>
					<label2>$LOCALIZE[571]</label2>
					<onclick>$INFO[Skin.String(CustomFav.4.Path)]</onclick>
					<visible>!String.IsEmpty(Skin.String(CustomFav.4.Path))</visible>
				</item>
				<item>
					<thumb>$INFO[Skin.String(CustomFav.5.Icon)]</thumb>
					<label>$INFO[Skin.String(CustomFav.5.Label)]</label>
					<label2>$LOCALIZE[571]</label2>
					<onclick>$INFO[Skin.String(CustomFav.5.Path)]</onclick>
					<visible>!String.IsEmpty(Skin.String(CustomFav.5.Path))</visible>
				</item>
				<item>
					<thumb>$INFO[Skin.String(CustomMusic.1.Icon)]</thumb>
					<label>$INFO[Skin.String(CustomMusic.1.Label)]</label>
					<label2>$LOCALIZE[571]</label2>
					<onclick>$INFO[Skin.String(CustomMusic.1.Path)]</onclick>
					<visible>!String.IsEmpty(Skin.String(CustomMusic.1.Path))</visible>
				</item>
				<item>
					<thumb>$INFO[Skin.String(CustomMusic.2.Icon)]</thumb>
					<label>$INFO[Skin.String(CustomMusic.2.Label)]</label>
					<label2>$LOCALIZE[571]</label2>
					<onclick>$INFO[Skin.String(CustomMusic.2.Path)]</onclick>
					<visible>!String.IsEmpty(Skin.String(CustomMusic.2.Path))</visible>
				</item>
				<item>
					<thumb>$INFO[Skin.String(CustomMusic.3.Icon)]</thumb>
					<label>$INFO[Skin.String(CustomMusic.3.Label)]</label>
					<label2>$LOCALIZE[571]</label2>
					<onclick>$INFO[Skin.String(CustomMusic.3.Path)]</onclick>
					<visible>!String.IsEmpty(Skin.String(CustomMusic.3.Path))</visible>
				</item>
				<item>
					<thumb>$INFO[Skin.String(CustomMusic.4.Icon)]</thumb>
					<label>$INFO[Skin.String(CustomMusic.4.Label)]</label>
					<label2>$LOCALIZE[571]</label2>
					<onclick>$INFO[Skin.String(CustomMusic.4.Path)]</onclick>
					<visible>!String.IsEmpty(Skin.String(CustomMusic.4.Path))</visible>
				</item>
				<item>
					<thumb>$INFO[Skin.String(CustomMusic.5.Icon)]</thumb>
					<label>$INFO[Skin.String(CustomMusic.5.Label)]</label>
					<label2>$LOCALIZE[571]</label2>
					<onclick>$INFO[Skin.String(CustomMusic.5.Path)]</onclick>
					<visible>!String.IsEmpty(Skin.String(CustomMusic.5.Path))</visible>
				</item>
				<item>
					<thumb>$INFO[Skin.String(CustomAddon.1.Icon)]</thumb>
					<label>$INFO[Skin.String(CustomAddon.1.Label)]</label>
					<label2>$LOCALIZE[571]</label2>
					<onclick>$INFO[Skin.String(CustomAddon.1.Path)]</onclick>
					<visible>!String.IsEmpty(Skin.String(CustomAddon.1.Path))</visible>
				</item>
				<item>
					<thumb>$INFO[Skin.String(CustomAddon.2.Icon)]</thumb>
					<label>$INFO[Skin.String(CustomAddon.2.Label)]</label>
					<label2>$LOCALIZE[571]</label2>
					<onclick>$INFO[Skin.String(CustomAddon.2.Path)]</onclick>
					<visible>!String.IsEmpty(Skin.String(CustomAddon.2.Path))</visible>
				</item>
				<item>
					<thumb>$INFO[Skin.String(CustomAddon.3.Icon)]</thumb>
					<label>$INFO[Skin.String(CustomAddon.3.Label)]</label>
					<label2>$LOCALIZE[571]</label2>
					<onclick>$INFO[Skin.String(CustomAddon.3.Path)]</onclick>
					<visible>!String.IsEmpty(Skin.String(CustomAddon.3.Path))</visible>
				</item>
				<item>
					<thumb>$INFO[Skin.String(CustomAddon.4.Icon)]</thumb>
					<label>$INFO[Skin.String(CustomAddon.4.Label)]</label>
					<label2>$LOCALIZE[571]</label2>
					<onclick>$INFO[Skin.String(CustomAddon.4.Path)]</onclick>
					<visible>!String.IsEmpty(Skin.String(CustomAddon.4.Path))</visible>
				</item>
				<item>
					<thumb>$INFO[Skin.String(CustomAddon.5.Icon)]</thumb>
					<label>$INFO[Skin.String(CustomAddon.5.Label)]</label>
					<label2>$LOCALIZE[571]</label2>
					<onclick>$INFO[Skin.String(CustomAddon.5.Path)]</onclick>
					<visible>!String.IsEmpty(Skin.String(CustomAddon.5.Path))</visible>
				</item>
				<item>
					<thumb>$INFO[Skin.String(CustomGame.1.Icon)]</thumb>
					<label>$INFO[Skin.String(CustomGame.1.Label)]</label>
					<label2>$LOCALIZE[571]</label2>
					<onclick>$INFO[Skin.String(CustomGame.1.Path)]</onclick>
					<visible>!String.IsEmpty(Skin.String(CustomGame.1.Path))</visible>
				</item>
				<item>
					<thumb>$INFO[Skin.String(CustomGame.2.Icon)]</thumb>
					<label>$INFO[Skin.String(CustomGame.2.Label)]</label>
					<label2>$LOCALIZE[571]</label2>
					<onclick>$INFO[Skin.String(CustomGame.2.Path)]</onclick>
					<visible>!String.IsEmpty(Skin.String(CustomGame.2.Path))</visible>
				</item>
				<item>
					<thumb>$INFO[Skin.String(CustomGame.3.Icon)]</thumb>
					<label>$INFO[Skin.String(CustomGame.3.Label)]</label>
					<label2>$LOCALIZE[571]</label2>
					<onclick>$INFO[Skin.String(CustomGame.3.Path)]</onclick>
					<visible>!String.IsEmpty(Skin.String(CustomGame.3.Path))</visible>
				</item>
				<item>
					<thumb>$INFO[Skin.String(CustomGame.4.Icon)]</thumb>
					<label>$INFO[Skin.String(CustomGame.4.Label)]</label>
					<label2>$LOCALIZE[571]</label2>
					<onclick>$INFO[Skin.String(CustomGame.4.Path)]</onclick>
					<visible>!String.IsEmpty(Skin.String(CustomGame.4.Path))</visible>
				</item>
				<item>
					<thumb>$INFO[Skin.String(CustomGame.5.Icon)]</thumb>
					<label>$INFO[Skin.String(CustomGame.5.Label)]</label>
					<label2>$LOCALIZE[571]</label2>
					<onclick>$INFO[Skin.String(CustomGame.5.Path)]</onclick>
					<visible>!String.IsEmpty(Skin.String(CustomGame.5.Path))</visible>
				</item>
				<item><!-- Search -->
					<visible>Skin.HasSetting(home-search)</visible>
					<thumb>$VAR[HomeSearchIcon]</thumb>
					<label>$LOCALIZE[137]</label>
					<label2>$LOCALIZE[571]</label2>
					<onclick condition="!System.HasAddon(script.globalsearch)">InstallAddon(script.globalsearch)</onclick>
					<onclick condition="System.HasAddon(script.globalsearch)">RunScript(script.globalsearch)</onclick>
				</item>
				<item><!-- Filemanager -->
					<visible>Skin.HasSetting(home-filemanager)</visible>
					<thumb>$VAR[HomeFileManagerIcon]</thumb>
					<label>$LOCALIZE[10003]</label>
					<label2>$LOCALIZE[571]</label2>
					<onclick>ActivateWindow(filemanager)</onclick>
				</item>
				<item><!-- Profiles -->
					<visible>Skin.HasSetting(home-profile)</visible>
					<thumb>$VAR[HomeProfileIcon]</thumb>
					<label>$LOCALIZE[20092]</label>
					<label2>$LOCALIZE[571]</label2>
					<onclick>System.LogOff</onclick>
				</item>
				<item><!-- Quit -->
					<visible>!Skin.HasSetting(home-shutdown)</visible>
					<thumb>$VAR[HomeShutdownIcon]</thumb>
					<label>$LOCALIZE[13009]</label>
					<label2>$LOCALIZE[571]</label2>
					<onclick>SetProperty(ShutdownKodi,true,home)</onclick>
					<onclick>$VAR[QuitAction]</onclick>
				</item>
			</content>
		</control>
		<control type="group" id="9940"><!-- RSS info -->
			<include condition="System.GetBool(lookandfeel.enablerssfeeds)">page-info</include>
		</control>
		<control type="button"><!-- Onfocus, move to next row of icon panel -->
			<left>0</left>
			<top>1060</top>
			<width>1920</width>
			<height>20</height>
			<texturefocus>blank.png</texturefocus>
			<texturenofocus>blank.png</texturenofocus>
			<onfocus>Control.Message(9000,moveup)</onfocus>
			<onclick>Control.Message(9000,moveup)</onclick>
			<visible>[Container(9000).Row(0) | Container(9000).Row(1)] + !Container(9000).HasPrevious()</visible>
		</control>
		<!-- Play bump sound if user tries to leave menu by undefined direction -->
		<include content="illegal-action">
			<param name="controlid" value="9005" />
			<param name="returnid" value="9000" />
		</include>
		<!-- Play bump sound if user tries to leave Movie shelf by undefined direction -->
		<include content="illegal-action">
			<param name="controlid" value="9050" />
			<param name="returnid" value="9160" />
		</include>
		<!-- Play bump sound if user tries to leave TV shelf by undefined direction -->
		<include content="illegal-action">
			<param name="controlid" value="9052" />
			<param name="returnid" value="9210" />
		</include>
		<!-- Play bump sound if user tries to leave Music shelf by undefined direction -->
		<include content="illegal-action">
			<param name="controlid" value="9054" />
			<param name="returnid" value="9260" />
		</include>
		<!-- Play bump sound if user tries to leave Addons shelf by undefined direction -->
		<include content="illegal-action">
			<param name="controlid" value="9056" />
			<param name="returnid" value="9360" />
		</include>
	</include>
</includes>