<?xml version="1.0" encoding="UTF-8"?>
<window>
	<defaultcontrol always="true">50</defaultcontrol>
	<views>50,52,53,54,57,58</views>
	<onload>ClearProperty(ShowScreenSettings,home)</onload>
	<onload>ClearProperty(EditViews,home)</onload>
	<onunload>ClearProperty(ShowScreenSettings,home)</onunload>
	<onunload>ClearProperty(EditViews,home)</onunload>
	<menucontrol>9000</menucontrol>
	<include>window-openclose</include>
	<visible>[!System.ScreenSaverActive | !Window.IsVisible(movieinformation)] + Window.IsTopMost(videos)</visible>
	<controls>
		<include>background</include>
		<include>fake-overlay</include>
		<include content="screen-name">
			<param name="screenlabel" value="$VAR[VideoHeadings]"/>
			<param name="listitems" value="Container.NumItems"/>
		</include>
		<control type="group"><!-- Various Views of Video library node -->
			<visible>![String.IsEmpty(ListItem.Label) + String.IsEmpty(ListItem(1).Label)]</visible>
			<include file="View-Video.xml">VideoListView</include>
			<include file="View-Video.xml" condition="!Skin.HasSetting(videoviewicon)">VideoIconView</include>
			<include file="View-Video.xml" condition="!Skin.HasSetting(videoviewbanner)">BannerView</include>
			<include file="View-Video.xml" condition="!Skin.HasSetting(videoviewwrap)">VideoWrapView</include>
			<include file="View-Video.xml" condition="!Skin.HasSetting(videoviewcoverflow)">VideoCoverflow</include>
			<include file="View-Video.xml" condition="!Skin.HasSetting(videoviewwall)">VideoWallView</include>
		</control>
		<control type="group"><!-- No Label tag means video addon is busy pulling in content, so show a busy animation -->
			<visible>String.IsEmpty(ListItem.Label) + String.IsEmpty(ListItem(1).Label) + System.IdleTime(1) + !Window.IsVisible(busydialog)</visible>
			<include>fadebackground</include>
			<control type="image"><!-- Busy animation -->
				<left>864</left>
				<top>435</top>
				<width>192</width>
				<height>192</height>
				<texture>busy.png</texture>
				<aspectratio>keep</aspectratio>
				<include>busy-spin</include>
			</control>
		</control>
		<include>touch-controls</include>
		<control type="group"><!-- Screen Settings Menu -->
			<left>0</left>
			<top>1080</top>
			<include>screen-settings</include>
			<include>fadebackground</include>
			<control type="image"><!-- Button background -->
				<left>622</left>
				<top>114</top>
				<width>672</width>
				<height>820</height>
				<texture border="14">button-menu-background.png</texture>
			</control>
			<control type="label"><!-- Dialog heading -->
				<left>638</left>
				<top>126</top>
				<width>639</width>
				<height>51</height>
				<font>apptv23</font>
				<label>$LOCALIZE[31557]$INFO[Container(9000).NumItems, (,)]</label>
				<align>center</align>
			</control>
			<control type="button"><!-- Touch Close button -->
				<left>1262</left>
				<top>98</top>
				<width>48</width>
				<height>48</height>
				<texturefocus>touch-close.png</texturefocus>
				<texturenofocus>touch-close.png</texturenofocus>
				<onclick condition="!String.IsEqual(Window(home).Property(ShowScreenSettings),show)">SetProperty(ShowScreenSettings,show,home)</onclick>
				<onclick condition="String.IsEqual(Window(home).Property(ShowScreenSettings),show)">ClearProperty(ShowScreenSettings,home)</onclick>
				<visible>$EXP[isEnabledTouch]</visible>
			</control>
			<control type="image">
				<left>638</left>
				<top>180</top>
				<width>639</width>
				<height>6</height>
				<texture>separator.png</texture>
			</control>
			<include content="page-offscreen-vertical">
				<param name="indicator1left" value="942"/>
				<param name="indicator1top" value="180"/>
				<param name="indicator2left" value="942"/>
				<param name="indicator2top" value="898"/>
				<param name="indicatorsize" value="32"/>
				<param name="indicatorcontainer" value="9000"/>
			</include>
			<control type="grouplist" id="9000">
				<defaultcontrol>2</defaultcontrol>
				<left>638</left>
				<top>206</top>
				<width>640</width>
				<height>700</height>
				<itemgap>0</itemgap>
				<onright>ClearProperty(ShowScreenSettings,home)</onright>
				<onright>50</onright>
				<onleft>ClearProperty(ShowScreenSettings,home)</onleft>
				<onleft>50</onleft>
				<control type="button" id="2"><!-- View as button -->
					<include>settings-screen-common</include>
					<label>$LOCALIZE[100]</label>
				</control>
				<control type="button" id="1193"><!-- Remove unused views -->
					<include>settings-screen-common</include>
					<label>$LOCALIZE[31895]</label>
					<onclick>SetProperty(EditViews,Video,home)</onclick>
					<onclick>ActivateWindow(1161)</onclick>
				</control>
				<control type="button" id="1194"><!-- List View Movie Widget type -->
					<include>settings-screen-common</include>
					<label>$LOCALIZE[31982]</label>
					<label2>$INFO[Skin.String(widget-listview-movie)]</label2>
					<onclick>SetProperty(Dialog.1.Label,$LOCALIZE[31964])</onclick>
					<onclick>SetProperty(Dialog.1.BuiltIn,Skin.SetString(widget-listview-movie,$LOCALIZE[31964]))</onclick>
					<onclick>SetProperty(Dialog.2.Label,$LOCALIZE[31960])</onclick>
					<onclick>SetProperty(Dialog.2.BuiltIn,Skin.SetString(widget-listview-movie,$LOCALIZE[31960]))</onclick>
					<onclick>SetProperty(Dialog.3.Label,$LOCALIZE[31971])</onclick>
					<onclick>SetProperty(Dialog.3.BuiltIn,Skin.SetString(widget-listview-movie,$LOCALIZE[31971]))</onclick>
					<onclick>SetProperty(Dialog.4.Label,$LOCALIZE[31972])</onclick>
					<onclick>SetProperty(Dialog.4.BuiltIn,Skin.SetString(widget-listview-movie,$LOCALIZE[31972]))</onclick>
					<onclick>SetProperty(Dialog.5.Label,$LOCALIZE[31974])</onclick>
					<onclick>SetProperty(Dialog.5.BuiltIn,Skin.SetString(widget-listview-movie,$LOCALIZE[31974]))</onclick>
					<onclick>SetProperty(Dialog.6.Label,$LOCALIZE[31661])</onclick>
					<onclick>SetProperty(Dialog.6.BuiltIn,Skin.SetString(widget-listview-movie,$LOCALIZE[31661])
					||Skin.SetString(widget-listview-movie.Type,$LOCALIZE[31661])
					||Skin.Reset(widget-listview-movie.List)||Skin.Reset(widget-listview-movie.Path)||Skin.Reset(widget-listview-movie.Icon)
					||Skin.Reset(widget-listview-movie.Label)||Skin.Reset(widget-listview-movie.Type)||SetProperty(ListCustomBase,widget-listview-movie,settings)
					||SetProperty(SelectDialogType,selectskinplaylist,home)||Skin.SetString(widget-listview-movie.Label)||ActivateWindow(1154))</onclick>
					<onclick>SetProperty(Dialog.7.Label,$LOCALIZE[31660])</onclick>
					<onclick>SetProperty(Dialog.7.BuiltIn,Skin.SetString(widget-listview-movie,$LOCALIZE[31660])
					||Skin.SetString(widget-listview-movie.Type,$LOCALIZE[31660])
					||Skin.Reset(widget-listview-movie.List)||Skin.Reset(widget-listview-movie.Path)||Skin.Reset(widget-listview-movie.Icon)
					||Skin.Reset(widget-listview-movie.Label)||Skin.Reset(widget-listview-movie.Type)||SetProperty(ListCustomBase,widget-listview-movie,settings)
					||SetProperty(SelectDialogType,selectuserplaylist,home)||Skin.SetString(widget-listview-movie.Label)||ActivateWindow(1154))</onclick>
					<onclick>SetProperty(Dialog.8.Label,$LOCALIZE[31652])</onclick>
					<onclick condition="System.HasAddon(script.favourites)">SetProperty(Dialog.8.BuiltIn,Skin.SetString(widget-listview-movie,$LOCALIZE[31652])
					||Skin.Reset(widget-listview-movie.List)||Skin.Reset(widget-listview-movie.Path)
					||Skin.Reset(widget-listview-movie.Icon)||Skin.Reset(widget-listview-movie.Label)||Skin.Reset(widget-listview-movie.Type)
					||RunScript(script.favourites,changetitle=true&amp;property=widget-listview-movie))</onclick>
					<onclick condition="!System.HasAddon(script.favourites)">SetProperty(Dialog.8.BuiltIn,Skin.SetString(widget-listview-movie,$LOCALIZE[31652])
					||Skin.Reset(widget-listview-movie.List)||Skin.Reset(widget-listview-movie.Path)
					||Skin.Reset(widget-listview-movie.Icon)||Skin.Reset(widget-listview-movie.Label)||Skin.Reset(widget-listview-movie.Type)
					||InstallAddon(script.favourites)||RunScript(script.favourites,changetitle=true&amp;property=widget-listview-movie))</onclick>
					<onclick>RunScript(script.embuary.helper,action=createselect,header=$LOCALIZE[31982])</onclick>
					<enable>!String.IsEqual(Skin.String(listview-idleanim),$LOCALIZE[31815])</enable>
					<visible>$EXP[isContentMovies]</visible>
				</control>
				<control type="button" id="1195"><!-- List View TVShow Widget type -->
					<include>settings-screen-common</include>
					<label>$LOCALIZE[31982]</label>
					<label2>$INFO[Skin.String(widget-listview-tvshow)]</label2>
					<onclick>SetProperty(Dialog.1.Label,$LOCALIZE[31954])</onclick>
					<onclick>SetProperty(Dialog.1.BuiltIn,Skin.SetString(widget-listview-tvshow,$LOCALIZE[31954]))</onclick>
					<onclick>SetProperty(Dialog.2.Label,$LOCALIZE[31955])</onclick>
					<onclick>SetProperty(Dialog.2.BuiltIn,Skin.SetString(widget-listview-tvshow,$LOCALIZE[31955]))</onclick>
					<onclick>SetProperty(Dialog.3.Label,$LOCALIZE[31975])</onclick>
					<onclick>SetProperty(Dialog.3.BuiltIn,Skin.SetString(widget-listview-tvshow,$LOCALIZE[31975]))</onclick>
					<onclick>SetProperty(Dialog.4.Label,$LOCALIZE[31976])</onclick>
					<onclick>SetProperty(Dialog.4.BuiltIn,Skin.SetString(widget-listview-tvshow,$LOCALIZE[31976]))</onclick>
					<onclick>SetProperty(Dialog.5.Label,$LOCALIZE[31977])</onclick>
					<onclick>SetProperty(Dialog.5.BuiltIn,Skin.SetString(widget-listview-tvshow,$LOCALIZE[31977]))</onclick>
					<onclick>SetProperty(Dialog.6.Label,$LOCALIZE[31661])</onclick>
					<onclick>SetProperty(Dialog.6.BuiltIn,Skin.SetString(widget-listview-tvshow,$LOCALIZE[31661])
					||Skin.SetString(widget-listview-tvshow.Type,$LOCALIZE[31661])
					||Skin.Reset(widget-listview-tvshow.List)||Skin.Reset(widget-listview-tvshow.Path)||Skin.Reset(widget-listview-tvshow.Icon)
					||Skin.Reset(widget-listview-tvshow.Label)||Skin.Reset(widget-listview-tvshow.Type)||SetProperty(ListCustomBase,widget-listview-tvshow,settings)
					||SetProperty(SelectDialogType,selectskinplaylist,home)||Skin.SetString(widget-listview-tvshow.Label)||ActivateWindow(1154))</onclick>
					<onclick>SetProperty(Dialog.7.Label,$LOCALIZE[31660])</onclick>
					<onclick>SetProperty(Dialog.7.BuiltIn,Skin.SetString(widget-listview-tvshow,$LOCALIZE[31660])
					||Skin.SetString(widget-listview-tvshow.Type,$LOCALIZE[31660])
					||Skin.Reset(widget-listview-tvshow.List)||Skin.Reset(widget-listview-tvshow.Path)||Skin.Reset(widget-listview-tvshow.Icon)
					||Skin.Reset(widget-listview-tvshow.Label)||Skin.Reset(widget-listview-tvshow.Type)||SetProperty(ListCustomBase,widget-listview-tvshow,settings)
					||SetProperty(SelectDialogType,selectuserplaylist,home)||Skin.SetString(widget-listview-tvshow.Label)||ActivateWindow(1154))</onclick>
					<onclick>SetProperty(Dialog.8.Label,$LOCALIZE[31652])</onclick>
					<onclick condition="System.HasAddon(script.favourites)">SetProperty(Dialog.8.BuiltIn,Skin.SetString(widget-listview-tvshow,$LOCALIZE[31652])
					||Skin.Reset(widget-listview-tvshow.List)||Skin.Reset(widget-listview-tvshow.Path)
					||Skin.Reset(widget-listview-tvshow.Icon)||Skin.Reset(widget-listview-tvshow.Label)||Skin.Reset(widget-listview-tvshow.Type)
					||RunScript(script.favourites,changetitle=true&amp;property=widget-listview-tvshow))</onclick>
					<onclick condition="!System.HasAddon(script.favourites)">SetProperty(Dialog.8.BuiltIn,Skin.SetString(widget-listview-tvshow,$LOCALIZE[31652])
					||Skin.Reset(widget-listview-tvshow.List)||Skin.Reset(widget-listview-tvshow.Path)
					||Skin.Reset(widget-listview-tvshow.Icon)||Skin.Reset(widget-listview-tvshow.Label)||Skin.Reset(widget-listview-tvshow.Type)
					||InstallAddon(script.favourites)||RunScript(script.favourites,changetitle=true&amp;property=widget-listview-tvshow))</onclick>
					<onclick>RunScript(script.embuary.helper,action=createselect,header=$LOCALIZE[31808] - $LOCALIZE[31027])</onclick>
					<enable>!String.IsEqual(Skin.String(listview-idleanim),$LOCALIZE[31815])</enable>
					<visible>$EXP[isContentTvshows]</visible>
				</control>
				<control type="button" id="1196"><!-- List view idle widget delay -->
					<include>settings-screen-common</include>
					<label>$LOCALIZE[31885]</label>
					<label2>$VAR[DelayListAnimation]</label2>
					<onclick>SetProperty(Dialog.1.Label,60 $LOCALIZE[31812])</onclick>
					<onclick>SetProperty(Dialog.1.BuiltIn,Skin.SetString(listview-idleanim,60))</onclick>
					<onclick>SetProperty(Dialog.2.Label,90 $LOCALIZE[31812])</onclick>
					<onclick>SetProperty(Dialog.2.BuiltIn,Skin.SetString(listview-idleanim,90))</onclick>
					<onclick>SetProperty(Dialog.3.Label,120 $LOCALIZE[31812])</onclick>
					<onclick>SetProperty(Dialog.3.BuiltIn,Skin.SetString(listview-idleanim,120))</onclick>
					<onclick>SetProperty(Dialog.4.Label,$LOCALIZE[31815])</onclick>
					<onclick>SetProperty(Dialog.4.BuiltIn,Skin.SetString(listview-idleanim,$LOCALIZE[31815]))</onclick>
					<onclick>RunScript(script.embuary.helper,action=createselect,header=$LOCALIZE[31885])</onclick>
					<visible>String.EndsWith(Control.GetLabel(2),$LOCALIZE[31941])</visible>
				</control>
				<control type="radiobutton" id="1197"><!-- Use animated Artwork  -->
					<include>settings-screen-common</include>
					<label>$LOCALIZE[31867]</label>
					<onclick>Skin.ToggleSetting(animated-artwork)</onclick>
					<selected>Skin.HasSetting(animated-artwork)</selected>
					<radioposx>495</radioposx>
					<visible>$EXP[isContentMovies]</visible>
				</control>
				<control type="radiobutton" id="208"><!-- Use Media case Toggle -->
					<include>settings-screen-common</include>
					<label>$LOCALIZE[31869]</label>
					<onclick>Skin.ToggleSetting(dvd-case)</onclick>
					<selected>Skin.HasSetting(dvd-case)</selected>
					<radioposx>495</radioposx>
				</control>
				<control type="button" id="3"><!-- Sort by button -->
					<include>settings-screen-common</include>
					<label>$LOCALIZE[103]</label>
					<visible>Control.IsEnabled(3)</visible>
				</control>
				<control type="togglebutton" id="4"><!-- Sort direction button -->
					<include>settings-screen-common</include>
					<label>$LOCALIZE[21429]: $LOCALIZE[21430]</label>
					<altlabel>$LOCALIZE[21429]: $LOCALIZE[21431]</altlabel>
				</control>
				<control type="button" id="10"><!-- Watched toggle button -->
					<include>settings-screen-common</include>
				</control>
				<control type="button" id="210"><!-- Custom Studio Icons Button -->
					<include>settings-screen-common</include>
					<label>$LOCALIZE[31878]</label>
					<onclick condition="!System.HasAddon(script.image.resource.select)">InstallAddon(script.image.resource.select)</onclick>
					<onclick condition="System.HasAddon(script.image.resource.select)">RunScript(script.image.resource.select,type=resource.images.studios&amp;property=custom-moviestudioicons)</onclick>
					<visible>Container.Content(studios) + [!String.Contains(Control.GetLabel(2),$LOCALIZE[31943]) | !String.Contains(Control.GetLabel(2),$LOCALIZE[31945]) | !String.Contains(Control.GetLabel(2),$LOCALIZE[31946])]</visible>
				</control>
				<control type="button" id="211"><!-- Custom Genre Icons Button -->
					<include>settings-screen-common</include>
					<label>$LOCALIZE[31879]</label>
					<onclick condition="!System.HasAddon(script.image.resource.select)">InstallAddon(script.image.resource.select)</onclick>
					<onclick condition="System.HasAddon(script.image.resource.select)">RunScript(script.image.resource.select,type=resource.images.moviegenreicons&amp;property=custom-moviegenresicons)</onclick>
					<visible>Container.Content(genres) + [!String.Contains(Control.GetLabel(2),$LOCALIZE[31943]) | !String.Contains(Control.GetLabel(2),$LOCALIZE[31945]) | !String.Contains(Control.GetLabel(2),$LOCALIZE[31946])]</visible>
				</control>
				<control type="button" id="8"><!-- Search button -->
					<include>settings-screen-common</include>
					<label>$LOCALIZE[137]</label>
				</control>
				<control type="edit" id="19"><!-- Filter button -->
					<include>settings-screen-common</include>
					<label>$LOCALIZE[587]</label>
					<textwidth>510</textwidth>
					<visible>!Container.CanFilterAdvanced</visible>
				</control>
				<control type="radiobutton" id="98"><!-- Advanced filter button -->
					<include>settings-screen-common</include>
					<label>$LOCALIZE[587]</label>
					<selected>Container.Filtered</selected>
					<onclick>Filter</onclick>
					<radioposx>495</radioposx>
					<visible>Container.CanFilterAdvanced</visible>
				</control>
				<control type="button" id="16"><!-- Party mode button -->
					<include>settings-screen-common</include>
					<label>$LOCALIZE[589]</label>
					<visible>$EXP[isContentMusicvideos]</visible>
				</control>
				<control type="radiobutton" id="11"><!-- Unlock shares button -->
					<include>settings-screen-common</include>
					<label>$LOCALIZE[20336]</label>
					<onclick>Mastermode</onclick>
					<selected>system.ismaster</selected>
					<radioposx>495</radioposx>
					<visible>system.haslocks</visible>
				</control>
				<control type="button" id="200"><!-- Clean library button -->
					<include>settings-screen-common</include>
					<label>$LOCALIZE[334]</label>
					<onclick>CleanLibrary(video)</onclick>
				</control>
				<control type="togglebutton" id="20"><!-- Update library button -->
					<include>settings-screen-common</include>
					<label>$LOCALIZE[653]</label>
					<altlabel>$LOCALIZE[13353]</altlabel>
					<usealttexture>library.isscanningvideo</usealttexture>
				</control>
				<control type="button" id="1200"><!-- Player controls button -->
					<include>settings-screen-common</include>
					<label>$LOCALIZE[16003] $LOCALIZE[478]</label>
					<onclick>SetFocus(50)</onclick>
					<onclick condition="String.IsEqual(Window(home).Property(ShowScreenSettings),show)">ClearProperty(ShowScreenSettings,home)</onclick>
					<onclick>ActivateWindow(playercontrols)</onclick>
					<visible>Player.HasMedia</visible>
				</control>
				<control type="button" id="22"><!-- Now playing -->
					<include>settings-screen-common</include>
					<label>$LOCALIZE[13350]</label>
					<onclick>ActivateWindow(videoplaylist)</onclick>
					<visible>!String.IsEqual(Playlist.Length(video),0)</visible>
				</control>
			</control>
		</control>
		<control type="group">
			<visible>![String.IsEmpty(Container().ListItem.Label) + String.IsEmpty(Container().ListItem(1).Label)]</visible>
			<control type="group">
				<visible>Control.IsVisible(50) | Control.IsVisible(52) | Control.IsVisible(53) | Control.IsVisible(58)</visible>
				<include content="page-indicator">
					<param name="indicatorleft" value="864" />
					<param name="indicatortop" value="0" />
					<param name="indicatorwidth" value="192" />
					<param name="indicatorheight" value="48" />
					<param name="indicatororientation" value="horizontal" />
					<param name="grp1indicate" value="[ControlGroup(9000).HasFocus()|String.IsEqual(Window(home).Property(ShowScreenSettings),show)]" />
					<param name="grp1visible" value="[!Skin.HasSetting(lock-screensettings)]" />
					<param name="grp2indicate" value="[Control.HasFocus(5050)|Control.HasFocus(5058)]" />
					<param name="grp2visible" value="[[Control.IsVisible(50)|Control.IsVisible(58)]+$EXP[isContentSets]+$EXP[isnotParentFolder]]" />
					<param name="grp3indicate" value="[Control.HasFocus(50)|Control.HasFocus(52)|Control.HasFocus(53)|Control.HasFocus(58)]" />
					<param name="grp3visible" value="[Control.IsVisible(50)|Control.IsVisible(52)|Control.IsVisible(53)|Control.IsVisible(58)]+[!Skin.HasSetting(lock-screensettings)|$EXP[isEnabledScrollbar]]" />
					<param name="grp4indicate" value="[Control.HasFocus(1240)|Control.HasFocus(1242)|Control.HasFocus(1243)|Control.HasFocus(1248)|Control.HasFocus(1260)|Control.HasFocus(1262)|Control.HasFocus(1263)|Control.HasFocus(1268)]" />
					<param name="grp4visible" value="[Skin.HasSetting(show-letterbar)+[$EXP[isContentSets]|$EXP[isContentMovies]|$EXP[isContentTvshows]|$EXP[isContentMusicvideos]]]" />
					<param name="grp5indicate" value="[Control.HasFocus(1250)|Control.HasFocus(1252)|Control.HasFocus(1253)|Control.HasFocus(1258)]" />
					<param name="grp5visible" value="[Control.IsVisible(1250)|Control.IsVisible(1252)|Control.IsVisible(1253)|Control.IsVisible(1258)]+[$EXP[isEnabledScrollbar]]" />
				</include>
			</control>
			<control type="group">
				<visible>Control.IsVisible(54) | Control.IsVisible(57)</visible>
				<include content="page-indicator">
					<param name="indicatorleft" value="30" />
					<param name="indicatortop" value="210" />
					<param name="indicatorwidth" value="48" />
					<param name="indicatorheight" value="192" />
					<param name="indicatororientation" value="vertical" />
					<param name="grp1indicate" value="[ControlGroup(9000).HasFocus()|String.IsEqual(Window(home).Property(ShowScreenSettings),show)]" />
					<param name="grp1visible" value="[!Skin.HasSetting(lock-screensettings)]" />
					<param name="grp2indicate" value="[Control.HasFocus(54)|Control.HasFocus(57)]" />
					<param name="grp2visible" value="[Control.IsVisible(54)|Control.IsVisible(57)]+[!Skin.HasSetting(lock-screensettings)|$EXP[isEnabledScrollbar]]" />
					<param name="grp3indicate" value="[Control.HasFocus(1244)|Control.HasFocus(1247)|Control.HasFocus(1264)|Control.HasFocus(1267)]" />
					<param name="grp3visible" value="[Skin.HasSetting(show-letterbar)+[$EXP[isContentMovies]|$EXP[isContentTvshows]|$EXP[isContentMusicvideos]]]" />
					<param name="grp4indicate" value="[Control.HasFocus(1254)|Control.HasFocus(1257)]" />
					<param name="grp4visible" value="[Control.IsVisible(1254)|Control.IsVisible(1257)]+[$EXP[isEnabledScrollbar]]" />
				</include>
			</control>
		</control>
	</controls>
</window>