<?xml version="1.0" encoding="UTF-8"?>
<window id="3033">
	<defaultcontrol always="true">1000</defaultcontrol>
	<visible>!System.ScreenSaverActive</visible>
	<controls>
		<include>backgroundsimple</include>
		<include>fake-overlay</include>
		<control type="image">
			<left>1419</left>
			<top>4</top>
			<width>270</width>
			<height>120</height>
			<aspectratio>keep</aspectratio>
			<texture>libre-elec/Logo.png</texture>
		</control>
		<control type="group">
			<control type="list" id="1000"><!-- Main Menu -->
				<left>1410</left>
				<top>160</top>
				<width>480</width>
				<height>750</height>
				<ondown>1500</ondown>
				<onleft condition="String.Contains(Container(1000).ListItem.Property(listTyp), 1100)">1100</onleft>
				<onleft condition="String.Contains(Container(1000).ListItem.Property(listTyp), 1900)">1900</onleft>
				<onleft condition="String.Contains(Container(1000).ListItem.Property(listTyp), 1200)">1200</onleft>
				<onleft condition="String.Contains(Container(1000).ListItem.Property(listTyp), 1300)">1300</onleft>
				<onright>1000</onright>
				<scrolltime>200</scrolltime>
				<itemlayout height="75">
					<control type="image">
						<left>0</left>
						<top>0</top>
						<width>480</width>
						<height>75</height>
						<texture border="9">button-default.png</texture>
						<aspectratio>stretch</aspectratio>
						<animation effect="fade" start="100" end="50" condition="!Control.HasFocus(1000)">Conditional</animation>
					</control>
					<control type="label">
						<left>30</left>
						<top>10</top>
						<width>420</width>
						<height>55</height>
						<aligny>center</aligny>
						<font>apptv22</font>
						<label>$INFO[ListItem.Label]</label>
					</control>
				</itemlayout>
				<focusedlayout height="75">
					<control type="image">
						<left>0</left>
						<top>0</top>
						<width>480</width>
						<height>75</height>
						<texture border="9">button-default-focus.png</texture>
						<aspectratio>stretch</aspectratio>
						<animation effect="fade" start="100" end="50" condition="!Control.HasFocus(1000)">Conditional</animation>
					</control>
					<control type="label">
						<left>30</left>
						<top>10</top>
						<width>420</width>
						<height>55</height>
						<aligny>center</aligny>
						<font>apptv22</font>
						<label>$INFO[ListItem.Label]</label>
					</control>
				</focusedlayout>
			</control>
			<control type="group"><!-- Other Content -->
				<left>80</left>
				<top>160</top>
				<width>1328</width>
				<height>750</height>
				<control type="list" id="1100"><!-- Simple list content -->
					<left>0</left>
					<top>0</top>
					<width>1328</width>
					<height>750</height>
					<onright>1000</onright>
					<onleft>1123</onleft>
					<ondown>1500</ondown>
					<onup>1100</onup>
					<onfocus condition="String.IsEqual(Container(1100).ListItem.Property(Typ), separator)">SetFocus(1100,1)</onfocus>
					<pagecontrol>1123</pagecontrol>
					<scrolltime>200</scrolltime>
					<visible>String.IsEqual(Container(1000).ListItem.Property(listTyp), 1100)</visible>
					<itemlayout height="75">
						<control type="group"><!-- entry name and text value -->
							<visible>!String.IsEqual(ListItem.Property(Typ), separator)</visible>
							<control type="image">
								<width>1328</width>
								<height>75</height>
								<texture border="9">button-default.png</texture>
								<aspectratio>stretch</aspectratio>
								<animation effect="fade" start="100" end="50" condition="!Control.HasFocus(1100)">Conditional</animation>
							</control>
							<control type="label">
								<aligny>center</aligny>
								<textoffsetx>40</textoffsetx>
								<width>1328</width>
								<height>75</height>
								<font>apptv22</font>
								<info>ListItem.Label</info>
							</control>
							<control type="label">
								<align>right</align>
								<textoffsetx>40</textoffsetx>
								<aligny>center</aligny>
								<width>1328</width>
								<height>75</height>
								<info>ListItem.Property(value)</info>
								<font>apptv22</font>
								<visible>!String.IsEqual(ListItem.Property(Typ), bool) + !String.IsEqual(ListItem.Property(Typ), button)</visible>
							</control>
						</control>
						<control type="group"><!-- section name / seperator -->
							<visible>String.IsEqual(ListItem.Property(Typ), separator)</visible>
							<control type="image">
								<width>1328</width>
								<height>75</height>
								<texture border="9">button-default.png</texture>
								<aspectratio>stretch</aspectratio>
								<animation effect="fade" start="100" end="50" condition="!Control.HasFocus(1100)">Conditional</animation>
							</control>
							<control type="label">
								<aligny>center</aligny>
								<textoffsetx>40</textoffsetx>
								<width>1256</width>
								<height>75</height>
								<font>apptv22</font>
								<info>ListItem.Label</info>
							</control>
							<control type="image">
								<left>40</left>
								<top>60</top>
								<width>1248</width>
								<height>6</height>
								<texture>separator.png</texture>
							</control>
						</control>
						<control type="group"><!-- boolean value -->
							<visible>String.IsEqual(ListItem.Property(Typ), bool)</visible>
							<control type="label">
								<align>right</align>
								<textoffsetx>40</textoffsetx>
								<aligny>center</aligny>
								<width>1328</width>
								<height>75</height>
								<label>$LOCALIZE[16039]</label>
								<font>apptv22</font>
								<visible>String.IsEqual(ListItem.Property(value), 0) | String.IsEqual(ListItem.Property(value), false) | String.IsEmpty(ListItem.Property(value))</visible>
							</control>
							<control type="label">
								<align>right</align>
								<textoffsetx>40</textoffsetx>
								<aligny>center</aligny>
								<width>1328</width>
								<height>75</height>
								<label>$LOCALIZE[16041]</label>
								<font>apptv22</font>
								<visible>String.IsEqual(ListItem.Property(value), 1) | String.IsEqual(ListItem.Property(value), true)</visible>
							</control>
						</control>
						<control type="group"><!-- button / execute value -->
							<visible>String.IsEqual(ListItem.Property(Typ), button)</visible>
							<control type="image">
								<left>1258</left>
								<top>22</top>
								<width>30</width>
								<height>30</height>
								<texture>libre-elec/do.png</texture>
							</control>
						</control>
					</itemlayout>
					<focusedlayout height="75">
						<control type="group"><!-- entry name and text value -->
							<visible>!String.IsEqual(ListItem.Property(Typ), separator)</visible>
							<control type="image">
								<width>1328</width>
								<height>75</height>
								<texture border="9">button-default-focus.png</texture>
								<aspectratio>stretch</aspectratio>
								<animation effect="fade" start="100" end="50" condition="!Control.HasFocus(1100)">Conditional</animation>
							</control>
							<control type="label">
								<aligny>center</aligny>
								<textoffsetx>40</textoffsetx>
								<width>1328</width>
								<height>75</height>
								<font>apptv22</font>
								<info>ListItem.Label</info>
							</control>
							<control type="label">
								<align>right</align>
								<textoffsetx>40</textoffsetx>
								<aligny>center</aligny>
								<width>1328</width>
								<height>75</height>
								<info>ListItem.Property(value)</info>
								<font>apptv22</font>
								<visible>!String.IsEqual(ListItem.Property(Typ), bool) + !String.IsEqual(ListItem.Property(Typ), button)</visible>
							</control>
						</control>
						<control type="group"><!-- section name / seperator -->
							<visible>String.IsEqual(ListItem.Property(Typ), separator)</visible>
							<control type="image">
								<width>1328</width>
								<height>75</height>
								<texture border="9">button-default.png</texture>
								<aspectratio>stretch</aspectratio>
								<animation effect="fade" start="100" end="50" condition="!Control.HasFocus(1100)">Conditional</animation>
							</control>
							<control type="label">
								<aligny>center</aligny>
								<textoffsetx>40</textoffsetx>
								<width>1256</width>
								<height>75</height>
								<font>apptv22</font>
								<info>ListItem.Label</info>
							</control>
							<control type="image">
								<left>40</left>
								<top>60</top>
								<width>1248</width>
								<height>6</height>
								<texture>separator.png</texture>
							</control>
						</control>
						<control type="group"><!-- boolean value -->
							<visible>String.IsEqual(ListItem.Property(Typ), bool)</visible>
							<control type="label">
								<align>right</align>
								<textoffsetx>40</textoffsetx>
								<aligny>center</aligny>
								<width>1328</width>
								<height>75</height>
								<label>$LOCALIZE[16039]</label>
								<font>apptv22</font>
								<visible>String.IsEqual(ListItem.Property(value), 0) | String.IsEqual(ListItem.Property(value), false) | String.IsEmpty(ListItem.Property(value))</visible>
							</control>
							<control type="label">
								<align>right</align>
								<textoffsetx>40</textoffsetx>
								<aligny>center</aligny>
								<width>1328</width>
								<height>75</height>
								<label>$LOCALIZE[16041]</label>
								<font>apptv22</font>
								<visible>String.IsEqual(ListItem.Property(value), 1) | String.IsEqual(ListItem.Property(value), true)</visible>
							</control>
						</control>
						<control type="group"><!-- button / execute value -->
							<visible>String.IsEqual(ListItem.Property(Typ), button)</visible>
							<control type="image">
								<left>1258</left>
								<top>22</top>
								<width>30</width>
								<height>30</height>
								<texture>libre-elec/do.png</texture>
							</control>
						</control>
					</focusedlayout>
				</control>
				<control type="list" id="1200"><!-- Network Menu Content -->
					<left>0</left>
					<top>0</top>
					<width>1328</width>
					<height>700</height>
					<onright>1000</onright>
					<onleft>1223</onleft>
					<ondown>1500</ondown>
					<pagecontrol>1223</pagecontrol>
					<scrolltime>300</scrolltime>
					<visible>String.IsEqual(Container(1000).ListItem.Property(listTyp), 1200)</visible>
					<itemlayout height="100">
						<control type="image">
							<left>0</left>
							<top>0</top>
							<width>1318</width>
							<height>100</height>
							<texture border="9">button-default.png</texture>
							<aspectratio>stretch</aspectratio>
							<animation effect="fade" start="100" end="50" condition="!Control.HasFocus(1200)">Conditional</animation>
						</control>
						<control type="image">
							<left>40</left>
							<top>25</top>
							<width>48</width>
							<height>48</height>
							<aspectratio>keep</aspectratio>
							<visible>String.IsEqual(ListItem.Property(netType), ethernet)</visible>
							<texture>libre-elec/eth.png</texture>
						</control>
						<control type="image">
							<left>40</left>
							<top>25</top>
							<width>48</width>
							<height>48</height>
							<aspectratio>keep</aspectratio>
							<visible>String.IsEqual(ListItem.Property(netType), wifi)</visible>
							<texture>libre-elec/wlan.png</texture>
						</control>
						<control type="label"><!-- Connection Name -->
							<left>140</left>
							<top>10</top>
							<width>300</width>
							<height>30</height>
							<font>apptv22</font>
							<info>ListItem.Label</info>
						</control>
						<control type="label">
							<left>140</left>
							<top>49</top>
							<width>300</width>
							<height>20</height>
							<font>apptv16</font>
							<label>$ADDON[service.libreelec.settings 601]: [COLOR=white]$INFO[ListItem.Property(Interface)][/COLOR]</label>
							<visible>!String.IsEmpty(ListItem.Property(Interface))</visible>
						</control>
						<control type="label">
							<left>740</left>
							<top>49</top>
							<width>290</width>
							<height>20</height>
							<font>apptv16</font>
							<visible>String.IsEqual(ListItem.Property(State), online) | String.IsEqual(ListItem.Property(State), ready)</visible>
							<label>$ADDON[service.libreelec.settings 602]: [COLOR=white]$INFO[ListItem.Property(Address)][/COLOR]</label>
						</control>
						<control type="label">
							<left>500</left>
							<top>49</top>
							<width>200</width>
							<height>20</height>
							<font>apptv16</font>
							<label>$ADDON[service.libreelec.settings 603]: [COLOR=white]$INFO[ListItem.Property(Method)][/COLOR]</label>
						</control>
						<control type="label">
							<left>500</left>
							<top>20</top>
							<width>200</width>
							<height>20</height>
							<font>apptv16</font>
							<label>$ADDON[service.libreelec.settings 604]: [COLOR=white]$INFO[ListItem.Property(State)][/COLOR]</label>
						</control>
						<control type="progress">
							<left>888</left>
							<top>80</top>
							<width>400</width>
							<height>8</height>
							<info>ListItem.Property(Strength)</info>
							<visible>String.IsEqual(ListItem.Property(netType), wifi)</visible>
						</control>
						<control type="label">
							<left>1248</left>
							<top>30</top>
							<width>40</width>
							<height>10</height>
							<font>apptv16</font>
							<align>right</align>
							<info>ListItem.Property(Strength)</info>
							<visible>String.IsEqual(ListItem.Property(netType), wifi)</visible>
						</control>
						<control type="image">
							<left>1196</left>
							<top>10</top>
							<width>36</width>
							<height>36</height>
							<aspectratio>keep</aspectratio>
							<visible>String.IsEqual(ListItem.Property(State), online)</visible>
							<texture>libre-elec/connected.png</texture>
						</control>
						<control type="image">
							<left>1210</left>
							<top>55</top>
							<width>20</width>
							<height>20</height>
							<aspectratio>keep</aspectratio>
							<visible>String.IsEqual(ListItem.Property(Favorite), 1)</visible>
							<texture>libre-elec/Favorite.png</texture>
						</control>
						<control type="image">
							<left>1140</left>
							<top>55</top>
							<width>32</width>
							<height>20</height>
							<aspectratio>keep</aspectratio>
							<visible>Integer.IsEqual(ListItem.Property(Security), 1)</visible>
							<texture>libre-elec/Key.png</texture>
						</control>
						<control type="image">
							<left>1140</left>
							<top>55</top>
							<width>32</width>
							<height>20</height>
							<aspectratio>keep</aspectratio>
							<visible>Integer.IsEqual(ListItem.Property(Security), 0)</visible>
							<texture>libre-elec/Unlock.png</texture>
						</control>
					</itemlayout>
					<focusedlayout height="100">
						<control type="image">
							<left>0</left>
							<top>0</top>
							<width>1318</width>
							<height>100</height>
							<texture border="9">button-default-focus.png</texture>
							<aspectratio>stretch</aspectratio>
							<animation effect="fade" start="100" end="50" condition="!Control.HasFocus(1200)">Conditional</animation>
						</control>
						<control type="image">
							<left>40</left>
							<top>25</top>
							<width>48</width>
							<height>48</height>
							<aspectratio>keep</aspectratio>
							<visible>String.IsEqual(ListItem.Property(netType), ethernet)</visible>
							<texture>libre-elec/eth.png</texture>
						</control>
						<control type="image">
							<left>40</left>
							<top>25</top>
							<width>48</width>
							<height>48</height>
							<aspectratio>keep</aspectratio>
							<visible>String.IsEqual(ListItem.Property(netType), wifi)</visible>
							<texture>libre-elec/wlan.png</texture>
						</control>
						<control type="label"><!-- Connection Name -->
							<left>140</left>
							<top>10</top>
							<width>300</width>
							<height>30</height>
							<font>apptv22</font>
							<info>ListItem.Label</info>
						</control>
						<control type="label">
							<left>140</left>
							<top>49</top>
							<width>300</width>
							<height>20</height>
							<font>apptv16</font>
							<label>$ADDON[service.libreelec.settings 601]: [COLOR=white]$INFO[ListItem.Property(Interface)][/COLOR]</label>
							<visible>!String.IsEmpty(ListItem.Property(Interface))</visible>
						</control>
						<control type="label">
							<left>740</left>
							<top>49</top>
							<width>290</width>
							<height>20</height>
							<font>apptv16</font>
							<visible>String.IsEqual(ListItem.Property(State), online) | String.IsEqual(ListItem.Property(State), ready)</visible>
							<label>$ADDON[service.libreelec.settings 602]: [COLOR=white]$INFO[ListItem.Property(Address)][/COLOR]</label>
						</control>
						<control type="label">
							<left>500</left>
							<top>49</top>
							<width>200</width>
							<height>20</height>
							<font>apptv16</font>
							<label>$ADDON[service.libreelec.settings 603]: [COLOR=white]$INFO[ListItem.Property(Method)][/COLOR]</label>
						</control>
						<control type="label">
							<left>500</left>
							<top>20</top>
							<width>200</width>
							<height>20</height>
							<font>apptv16</font>
							<label>$ADDON[service.libreelec.settings 604]: [COLOR=white]$INFO[ListItem.Property(State)][/COLOR]</label>
						</control>
						<control type="progress">
							<left>888</left>
							<top>80</top>
							<width>400</width>
							<height>8</height>
							<info>ListItem.Property(Strength)</info>
							<visible>String.IsEqual(ListItem.Property(netType), wifi)</visible>
						</control>
						<control type="label">
							<left>1248</left>
							<top>30</top>
							<width>40</width>
							<height>10</height>
							<font>apptv16</font>
							<align>right</align>
							<info>ListItem.Property(Strength)</info>
							<visible>String.IsEqual(ListItem.Property(netType), wifi)</visible>
						</control>
						<control type="image">
							<left>1196</left>
							<top>10</top>
							<width>36</width>
							<height>36</height>
							<aspectratio>keep</aspectratio>
							<visible>String.IsEqual(ListItem.Property(State), online)</visible>
							<texture>libre-elec/connected.png</texture>
						</control>
						<control type="image">
							<left>1210</left>
							<top>55</top>
							<width>20</width>
							<height>20</height>
							<aspectratio>keep</aspectratio>
							<visible>String.IsEqual(ListItem.Property(Favorite), 1)</visible>
							<texture>libre-elec/Favorite.png</texture>
						</control>
						<control type="image">
							<left>1140</left>
							<top>55</top>
							<width>32</width>
							<height>20</height>
							<aspectratio>keep</aspectratio>
							<visible>Integer.IsEqual(ListItem.Property(Security), 1)</visible>
							<texture>libre-elec/Key.png</texture>
						</control>
						<control type="image">
							<left>1140</left>
							<top>55</top>
							<width>32</width>
							<height>20</height>
							<aspectratio>keep</aspectratio>
							<visible>Integer.IsEqual(ListItem.Property(Security), 0)</visible>
							<texture>libre-elec/Unlock.png</texture>
						</control>
					</focusedlayout>
				</control>
				<control type="label" id="1301">
					<width>1328</width>
					<height>628</height>
					<align>center</align>
					<aligny>center</aligny>
					<visible>String.IsEqual(Container(1000).ListItem.Property(listTyp), 1300) + String.IsEqual(Container(1300).NumItems, 0)</visible>
				</control>
				<control type="list" id="1300"><!-- Bluetooth Menu Content -->
					<left>0</left>
					<top>0</top>
					<width>1328</width>
					<height>700</height>
					<onright>1000</onright>
					<onleft>1323</onleft>
					<pagecontrol>1323</pagecontrol>
					<scrolltime>300</scrolltime>
					<visible>String.IsEqual(Container(1000).ListItem.Property(listTyp), 1300)</visible>
					<itemlayout height="100">
						<control type="image">
							<left>0</left>
							<top>0</top>
							<width>1318</width>
							<height>63</height>
							<texture border="9">button-default.png</texture>
							<aspectratio>stretch</aspectratio>
							<animation effect="fade" start="100" end="50" condition="!Control.HasFocus(1300)">Conditional</animation>
						</control>
						<control type="image">
							<left>40</left>
							<top>25</top>
							<width>48</width>
							<height>48</height>
							<aspectratio>keep</aspectratio>
							<texture>$VAR[LibreElecBluetoothIcon]</texture>
						</control>
						<control type="label"><!-- Connection Name -->
							<left>140</left>
							<top>10</top>
							<width>490</width>
							<height>30</height>
							<font>apptv22</font>
							<info>ListItem.Label</info>
						</control>
						<control type="label">
							<left>650</left>
							<top>49</top>
							<width>340</width>
							<height>20</height>
							<font>apptv16</font>
							<label>$ADDON[service.libreelec.settings 605]: [COLOR=white]$INFO[ListItem.Property(Address)][/COLOR]</label>
						</control>
						<control type="label">
							<left>650</left>
							<top>20</top>
							<width>340</width>
							<height>20</height>
							<font>apptv16</font>
							<label>$ADDON[service.libreelec.settings 32333][COLOR=white]$INFO[ListItem.Property(ConnectedState)][/COLOR]</label>
						</control>
						<control type="image">
							<left>1180</left>
							<top>50</top>
							<width>20</width>
							<height>20</height>
							<aspectratio>keep</aspectratio>
							<visible>String.IsEqual(ListItem.Property(Paired), 1)</visible>
							<texture>libre-elec/Favorite.png</texture>
						</control>
						<control type="image">
							<left>1210</left>
							<top>50</top>
							<width>20</width>
							<height>20</height>
							<aspectratio>keep</aspectratio>
							<visible>Integer.IsGreater(ListItem.Property(Trusted), 0)</visible>
							<texture>libre-elec/Key.png</texture>
						</control>
					</itemlayout>
					<focusedlayout height="100">
						<control type="image">
							<left>0</left>
							<top>0</top>
							<width>1318</width>
							<height>100</height>
							<texture border="9">button-default-focus.png</texture>
							<aspectratio>stretch</aspectratio>
							<animation effect="fade" start="100" end="50" condition="!Control.HasFocus(1300)">Conditional</animation>
						</control>
						<control type="image">
							<left>40</left>
							<top>25</top>
							<width>48</width>
							<height>48</height>
							<aspectratio>keep</aspectratio>
							<texture>$VAR[LibreElecBluetoothIcon]</texture>
						</control>
						<control type="label"><!-- Connection Name -->
							<left>140</left>
							<top>10</top>
							<width>490</width>
							<height>30</height>
							<font>apptv22</font>
							<info>ListItem.Label</info>
						</control>
						<control type="label">
							<left>650</left>
							<top>49</top>
							<width>340</width>
							<height>20</height>
							<font>apptv16</font>
							<label>$ADDON[service.libreelec.settings 605]: [COLOR=white]$INFO[ListItem.Property(Address)][/COLOR]</label>
						</control>
						<control type="label">
							<left>650</left>
							<top>20</top>
							<width>340</width>
							<height>20</height>
							<font>apptv16</font>
							<label>$ADDON[service.libreelec.settings 32333][COLOR=white]$INFO[ListItem.Property(ConnectedState)][/COLOR]</label>
						</control>
						<control type="image">
							<left>1180</left>
							<top>50</top>
							<width>20</width>
							<height>20</height>
							<aspectratio>keep</aspectratio>
							<visible>String.IsEqual(ListItem.Property(Paired), 1)</visible>
							<texture>libre-elec/Favorite.png</texture>
						</control>
						<control type="image">
							<left>1210</left>
							<top>50</top>
							<width>20</width>
							<height>20</height>
							<aspectratio>keep</aspectratio>
							<visible>Integer.IsGreater(ListItem.Property(Trusted), 0)</visible>
							<texture>libre-elec/Key.png</texture>
						</control>
					</focusedlayout>
				</control>
				<control type="group" id="1900"><!-- About page -->
					<left>0</left>
					<top>0</top>
					<width>1328</width>
					<height>3</height>
					<visible>String.IsEqual(Container(1000).ListItem.Property(listTyp), 1900)</visible>
					<control type="label">
						<left>60</left>
						<top>50</top>
						<width>300</width>
						<height>30</height>
						<aligny>center</aligny>
						<font>apptv22</font>
						<label>$ADDON[service.libreelec.settings 606]</label>
					</control>
					<control type="label">
						<left>300</left>
						<top>50</top>
						<width>500</width>
						<height>30</height>
						<aligny>center</aligny>
						<font>apptv22</font>
						<label>$INFO[Window.Property(Distri)] ($INFO[Window.Property(build)])</label>
					</control>
					<control type="label">
						<left>60</left>
						<top>90</top>
						<width>300</width>
						<height>30</height>
						<aligny>center</aligny>
						<font>apptv22</font>
						<label>$ADDON[service.libreelec.settings 607]</label>
					</control>
					<control type="label">
						<left>300</left>
						<top>90</top>
						<width>500</width>
						<height>30</height>
						<aligny>center</aligny>
						<font>apptv22</font>
						<label>$INFO[Window.Property(Version)]</label>
					</control>
					<control type="label">
						<left>60</left>
						<top>130</top>
						<width>300</width>
						<height>30</height>
						<aligny>center</aligny>
						<font>apptv22</font>
						<label>$ADDON[service.libreelec.settings 608]</label>
					</control>
					<control type="label">
						<left>300</left>
						<top>130</top>
						<width>500</width>
						<height>30</height>
						<aligny>center</aligny>
						<font>apptv22</font>
						<label>$INFO[Window.Property(Arch)]</label>
					</control>
					<control type="textbox">
						<left>60</left>
						<top>170</top>
						<width>1208</width>
						<height>300</height>
						<font>apptv18</font>
						<label>$ADDON[service.libreelec.settings 609]</label>
					</control>
					<control type="textbox">
						<left>60</left>
						<top>340</top>
						<width>1208</width>
						<height>400</height>
						<font>apptv18</font>
						<label>$ADDON[service.libreelec.settings 610]</label>
					</control>
					<control type="textbox">
						<left>60</left>
						<top>670</top>
						<width>1208</width>
						<height>90</height>
						<font>apptv18</font>
						<align>left</align>
					</control>
				</control>
			</control>
			<control type="textbox" id="1400"><!-- Settings description area -->
				<left>15</left>
				<top>936</top>
				<width>1890</width>
				<height>105</height>
				<font>apptv20</font>
				<align>center</align>
				<label>$INFO[Window.Property(InfoText)]</label>
			</control>
		</control>
		<control type="button" id="1500">
			<left>80</left>
			<top>810</top>
			<width>300</width>
			<height>75</height>
			<font>apptv22</font>
			<align>center</align>
			<onup>1100</onup>
			<ondown>1100</ondown>
			<onright>1501</onright>
			<visible>!String.IsEmpty(Control.GetLabel(1500))</visible>
		</control>
		<control type="button" id="1501">
			<left>500</left>
			<top>810</top>
			<width>300</width>
			<height>75</height>
			<font>apptv22</font>
			<align>center</align>
			<onup>1100</onup>
			<ondown>1100</ondown>
			<onleft>1500</onleft>
			<visible>!String.IsEmpty(Control.GetLabel(1501))</visible>
		</control>
		<!-- Markers for control area items simple list (1100) -->
		<include content="page-offscreen-vertical">
			<param name="indicator1left" value="726"/>
			<param name="indicator1top" value="138"/>
			<param name="indicator2left" value="726"/>
			<param name="indicator2top" value="914"/>
			<param name="indicatorsize" value="24"/>
			<param name="indicatorcontainer" value="1100"/>
		</include>
		<!-- Markers for control area items network list (1200) -->
		<include content="page-offscreen-vertical">
			<param name="indicator1left" value="726"/>
			<param name="indicator1top" value="138"/>
			<param name="indicator2left" value="726"/>
			<param name="indicator2top" value="884"/>
			<param name="indicatorsize" value="24"/>
			<param name="indicatorcontainer" value="1200"/>
		</include>
		<!-- Markers for control area items bluetooth list (1300) -->
		<include content="page-offscreen-vertical">
			<param name="indicator1left" value="726"/>
			<param name="indicator1top" value="138"/>
			<param name="indicator2left" value="726"/>
			<param name="indicator2top" value="884"/>
			<param name="indicatorsize" value="24"/>
			<param name="indicatorcontainer" value="1300"/>
		</include>
		<control type="scrollbar" id="1123">
			<left>20</left>
			<top>159</top>
			<width>18</width>
			<height>750</height>
			<onright>1100</onright>
			<animation condition="!Control.HasFocus(1123) + !Container.Scrolling + $EXP[isnotAlwaysScrollbar]" effect="fade" start="100" end="0" time="200" reversible="true">Conditional</animation>
			<visible>$EXP[isEnabledScrollbar]</visible>
		</control>
		<control type="scrollbar" id="1223">
			<left>20</left>
			<top>159</top>
			<width>18</width>
			<height>750</height>
			<onright>1200</onright>
			<animation condition="!Control.HasFocus(1223) + !Container.Scrolling + $EXP[isnotAlwaysScrollbar]" effect="fade" start="100" end="0" time="200" reversible="true">Conditional</animation>
			<visible>$EXP[isEnabledScrollbar]</visible>
		</control>
		<control type="scrollbar" id="1323">
			<left>20</left>
			<top>159</top>
			<width>18</width>
			<height>750</height>
			<onright>1300</onright>
			<animation condition="!Control.HasFocus(1323) + !Container.Scrolling + $EXP[isnotAlwaysScrollbar]" effect="fade" start="100" end="0" time="200" reversible="true">Conditional</animation>
			<visible>$EXP[isEnabledScrollbar]</visible>
		</control>
	</controls>
</window>